{
	"format_version": "1.8.0",
	"animations": {
		"idle": {
			"loop": true,
			"animation_length": 1.0833,
			"bones": {
				"bone14": {
					"rotation": {
						"0.0": {
							"vector": [0, 0, 0]
						},
						"0.1667": {
							"vector": [0, 0, 5]
						},
						"0.2917": {
							"vector": [0, 0, 0]
						},
						"0.4167": {
							"vector": [0, 0, -5]
						},
						"0.5": {
							"vector": [0, 0, 0]
						},
						"0.5833": {
							"vector": [0, 0, 0]
						},
						"1.0": {
							"vector": [0, 0, 0]
						}
					},
					"position": {
						"0.2917": {
							"vector": [0, 0, 0]
						},
						"0.5": {
							"vector": [0, 0, 0]
						},
						"0.5833": {
							"vector": [0, 0, 0]
						},
						"0.6667": {
							"vector": [0, -0.5, 0]
						},
						"1.0417": {
							"vector": [0, 0, 0]
						}
					},
					"scale": {
						"0.0": {
							"vector": [1, 1, 1]
						},
						"1.0": {
							"vector": [1, 1, 1]
						}
					}
				},
				"bone3": {
					"rotation": {
						"0.1667": {
							"vector": [0, 0, 0]
						},
						"0.3333": {
							"vector": [0, 0, 5]
						},
						"0.4583": {
							"vector": [0, 0, 0]
						},
						"0.5833": {
							"vector": [0, 0, -5]
						},
						"0.6667": {
							"vector": [0, 0, 0]
						},
						"0.75": {
							"vector": [0, 0, 0]
						},
						"1.0": {
							"vector": [0, 0, 0]
						}
					},
					"position": {
						"0.4583": {
							"vector": [0, 0, 0]
						},
						"0.6667": {
							"vector": [0, 0, 0]
						},
						"0.75": {
							"vector": [0, 0, 0]
						},
						"0.8333": {
							"vector": [0, -0.5, 0]
						},
						"1.0417": {
							"vector": [0, 0, 0]
						}
					},
					"scale": {
						"0.1667": {
							"vector": [1, 1, 1]
						},
						"1.0": {
							"vector": [1, 1, 1]
						}
					}
				},
				"bone11": {
					"scale": {
						"0.0": {
							"vector": [1, 1, 1]
						},
						"0.0417": [1.00811, 1.00811, 1.00811],
						"0.125": [1.09189, 1.09189, 1.09189],
						"0.1667": {
							"vector": [1.1, 1.1, 1.1]
						},
						"0.2083": [1.09189, 1.09189, 1.09189],
						"0.2917": [1.00811, 1.00811, 1.00811],
						"0.3333": {
							"vector": [1, 1, 1]
						},
						"0.375": [1.00811, 1.00811, 1.00811],
						"0.4583": [1.09189, 1.09189, 1.09189],
						"0.5": {
							"vector": [1.1, 1.1, 1.1]
						},
						"0.5417": [1.09189, 1.09189, 1.09189],
						"0.625": [1.00811, 1.00811, 1.00811],
						"0.6667": {
							"vector": [1, 1, 1]
						},
						"0.7083": [1.00811, 1.00811, 1.00811],
						"0.7917": [1.09189, 1.09189, 1.09189],
						"0.8333": {
							"vector": [1.1, 1.1, 1.1]
						},
						"0.875": [1.09189, 1.09189, 1.09189],
						"0.9583": [1.00811, 1.00811, 1.00811],
						"1.0": {
							"vector": [1, 1, 1]
						}
					}
				},
				"bone12": {
					"rotation": {
						"0.0833": {
							"vector": [0, 0, 0]
						},
						"0.25": {
							"vector": [0, 0, 5]
						},
						"0.375": {
							"vector": [0, 0, 0]
						},
						"0.5": {
							"vector": [0, 0, -5]
						},
						"0.5833": {
							"vector": [0, 0, 0]
						},
						"0.6667": {
							"vector": [0, 0, 0]
						},
						"1.0": {
							"vector": [0, 0, 0]
						}
					},
					"position": {
						"0.375": {
							"vector": [0, 0, 0]
						},
						"0.5833": {
							"vector": [0, 0, 0]
						},
						"0.6667": {
							"vector": [0, 0, 0]
						},
						"0.75": {
							"vector": [0, -0.5, 0]
						},
						"1.0417": {
							"vector": [0, 0, 0]
						}
					},
					"scale": {
						"0.0833": {
							"vector": [1, 1, 1]
						},
						"1.0": {
							"vector": [1, 1, 1]
						}
					}
				}
			}
		}
	},
	"geckolib_format_version": 2
}